feature,importance
IsLongContract,8.614260711326843
TotalCharges,7.10118301146503
NumServices,6.996223289093088
tenure,6.507406335913699
PaymentMethod_Credit card (automatic),6.136827782639654
PaymentMethod_Electronic check,5.558451417129193
AvgMonthlySpend,5.114371969427863
MonthlyCharges,4.996091633243019
Contract_One year,4.885199954168916
StreamingMovies_Yes,4.3547575768797016
IsAutoPay,3.7549909382758533
StreamingTV_Yes,3.6873568546766498
InternetService_Fiber optic,3.163385832949416
PaymentMethod_Mailed check,3.1197127378525558
HasStreaming,3.088351071115775
PaperlessBilling_Yes,2.719305279064914
gender_Male,2.263226773311285
OnlineBackup_Yes,2.229242169666864
DeviceProtection_Yes,2.075883819660873
MultipleLines_Yes,1.9121025520245483
OnlineSecurity_Yes,1.6459620841158196
MultipleLines_No phone service,1.5638951906689307
TechSupport_Yes,1.4195453648331235
Partner_Yes,1.0059811416664863
PhoneService_Yes,0.9575520147419796
Contract_Two year,0.8913294423207924
IsSenior,0.8775217702368395
tenure_group_2-4y,0.8265461321455592
Dependents_Yes,0.7123356487892819
tenure_group_4-6y,0.519888035504596
tenure_group_1-2y,0.3897092435860905
InternetService_No,0.27936945035411903
OnlineBackup_No internet service,0.16806078075678124
StreamingMovies_No internet service,0.13743254961458387
HasInternet,0.11871490529887277
StreamingTV_No internet service,0.08651616724171571
TechSupport_No internet service,0.08594315818462096
DeviceProtection_No internet service,0.024728006598607605
OnlineSecurity_No internet service,0.010637203455490353
