feature,mean_abs_shap
IsLongContract,0.8271766353105408
NumServices,0.7715020925114819
InternetService_Fiber optic,0.5941027710296205
StreamingMovies_Yes,0.5654119863394351
StreamingTV_Yes,0.5157675514356695
tenure,0.5079104209098217
PaymentMethod_Electronic check,0.4422249208966816
PaperlessBilling_Yes,0.33763292792379856
TotalCharges,0.31731511819604014
DeviceProtection_Yes,0.28865349491419606
OnlineBackup_Yes,0.27439519388532757
MultipleLines_Yes,0.2676991957849736
IsAutoPay,0.24840889966460586
PaymentMethod_Credit card (automatic),0.24738568202980613
Contract_One year,0.23964556232299367
HasStreaming,0.20336004802049745
gender_Male,0.15155000975295593
MonthlyCharges,0.148415455779771
OnlineSecurity_Yes,0.14671552115551975
AvgMonthlySpend,0.14324216660867
TechSupport_Yes,0.13445235115173465
PaymentMethod_Mailed check,0.11265260195734364
Partner_Yes,0.09599464314779411
MultipleLines_No phone service,0.09262738944075637
Contract_Two year,0.07373023478513291
PhoneService_Yes,0.054673254483635504
InternetService_No,0.05169777353744706
Dependents_Yes,0.030432122584267987
tenure_group_2-4y,0.028553642271462454
IsSenior,0.02819093501300424
tenure_group_4-6y,0.02488293225743241
HasInternet,0.019833831237761498
OnlineBackup_No internet service,0.018547941788043545
tenure_group_1-2y,0.01544550779020466
StreamingTV_No internet service,0.01226300417621512
TechSupport_No internet service,0.012232314715308501
DeviceProtection_No internet service,0.008989284955916464
StreamingMovies_No internet service,0.004219552043834665
OnlineSecurity_No internet service,0.002135640410484786
