feature,importance
TotalCharges,2705
MonthlyCharges,2509
AvgMonthlySpend,2333
tenure,1713
NumServices,667
gender_Male,466
PaperlessBilling_Yes,338
Partner_Yes,329
PaymentMethod_Electronic check,269
StreamingMovies_Yes,259
OnlineBackup_Yes,252
Contract_One year,244
StreamingTV_Yes,242
DeviceProtection_Yes,241
Dependents_Yes,223
PaymentMethod_Credit card (automatic),218
OnlineSecurity_Yes,212
IsSenior,212
MultipleLines_Yes,209
IsAutoPay,186
PaymentMethod_Mailed check,177
TechSupport_Yes,170
IsLongContract,166
HasStreaming,153
InternetService_Fiber optic,124
Contract_Two year,89
PhoneService_Yes,84
tenure_group_2-4y,75
tenure_group_1-2y,59
MultipleLines_No phone service,57
tenure_group_4-6y,17
HasInternet,2
OnlineBackup_No internet service,0
InternetService_No,0
OnlineSecurity_No internet service,0
DeviceProtection_No internet service,0
StreamingMovies_No internet service,0
TechSupport_No internet service,0
StreamingTV_No internet service,0
