feature,importance
IsLongContract,0.4247362
PaymentMethod_Electronic check,0.06475315
InternetService_Fiber optic,0.060777765
Contract_One year,0.0308216
IsAutoPay,0.029394293
Contract_Two year,0.028377121
PaperlessBilling_Yes,0.027263427
InternetService_No,0.025727026
HasStreaming,0.022346288
StreamingMovies_Yes,0.020265074
MultipleLines_No phone service,0.020167671
PaymentMethod_Credit card (automatic),0.018949213
StreamingTV_Yes,0.01863439
MultipleLines_Yes,0.017129406
HasInternet,0.016669262
PaymentMethod_Mailed check,0.015969358
PhoneService_Yes,0.01592062
tenure,0.014218408
NumServices,0.012552888
DeviceProtection_Yes,0.011088645
OnlineBackup_Yes,0.009916794
gender_Male,0.00966153
TotalCharges,0.008884549
IsSenior,0.008587448
TechSupport_Yes,0.008576105
tenure_group_1-2y,0.0081960345
MonthlyCharges,0.008071299
AvgMonthlySpend,0.007976013
OnlineSecurity_Yes,0.0077789603
Partner_Yes,0.0073624286
tenure_group_2-4y,0.0067218877
tenure_group_4-6y,0.0063984194
Dependents_Yes,0.006106577
OnlineSecurity_No internet service,0.0
OnlineBackup_No internet service,0.0
DeviceProtection_No internet service,0.0
StreamingMovies_No internet service,0.0
TechSupport_No internet service,0.0
StreamingTV_No internet service,0.0
